{"stats":{"minecraft:broken":{"minecraft:shears":1,"minecraft:stone_axe":1,"minecraft:iron_sword":1,"minecraft:iron_axe":1},"minecraft:killed":{"minecraft:cave_spider":1,"minecraft:skeleton":7,"minecraft:bee":1,"minecraft:chicken":3,"gnumus:pitcher_mousse":12,"minecraft:silverfish":2,"minecraft:pig":2,"minecraft:zombie_villager":2,"gnumus:marsupial_mousse":4,"minecraft:zombie":6,"minecraft:stray":12,"minecraft:cow":1,"minecraft:endermite":2,"minecraft:horse":2,"gnumus:gnumus_merchant":1,"minecraft:enderman":2},"minecraft:crafted":{"minecraft:oak_planks":112,"minecraft:smooth_stone":4,"minecraft:cherry_slab":12,"minecraft:stone":4,"minecraft:bookshelf":12,"minecraft:nether_brick":16,"another_furniture:spruce_shelf":15,"minecraft:glass":42,"minecraft:chest":6,"minecraft:cherry_fence":12,"minecraft:crafting_table":1,"minecraft:spruce_planks":84,"minecraft:wooden_pickaxe":1,"minecraft:spruce_door":3,"another_furniture:cherry_chair":6,"minecraft:smithing_table":1,"another_furniture:cherry_table":9,"minecraft:cartography_table":1,"minecraft:spruce_trapdoor":2,"minecraft:stick":104,"minecraft:iron_ingot":6,"minecraft:iron_pickaxe":1,"minecraft:snow_block":679,"minecraft:shears":1,"minecraft:cherry_planks":296,"minecraft:coal":54,"minecraft:stone_shovel":1,"minecraft:smooth_stone_slab":6,"minecraft:iron_nugget":108,"minecraft:furnace":1,"minecraft:glass_pane":112,"minecraft:lantern":8,"minecraft:iron_axe":2,"minecraft:cherry_stairs":16,"minecraft:stone_pickaxe":1,"another_furniture:cherry_shelf":9,"minecraft:wheat":72,"minecraft:stone_axe":1,"minecraft:bread":26,"minecraft:air":0,"minecraft:iron_shovel":1,"minecraft:cherry_door":3,"minecraft:torch":8},"minecraft:dropped":{"minecraft:iron_sword":3,"mmorpg:skill_gems/support/str":1,"minecraft:ender_pearl":1,"minecraft:crafting_table":1,"minecraft:leather":4,"minecraft:flint":15,"minecraft:emerald":48,"minecraft:cherry_leaves":79,"minecraft:snowball":6,"minecraft:sand":1,"minecraft:gravel":64,"minecraft:golden_chestplate":1,"minecraft:nether_brick":16,"minecraft:cherry_sapling":3,"minecraft:oak_planks":8,"minecraft:white_bed":1,"minecraft:tipped_arrow":1,"minecraft:arrow":2,"minecraft:beef":1,"minecraft:bread":7,"minecraft:wheat_seeds":24,"minecraft:golden_helmet":2,"minecraft:cherry_log":1,"minecraft:smithing_table":1,"minecraft:iron_helmet":4,"minecraft:command_block":1,"minecraft:spruce_stairs":2,"mmorpg:skill_gems/support/int":2,"mmorpg:weapon/staff/wood":4,"minecraft:stick":3,"mmorpg:map":1,"farmersdelight:golden_knife":1,"mmorpg:currency/affix_common_reroll":1,"minecraft:cherry_planks":2,"minecraft:diamond_helmet":2,"minecraft:iron_leggings":3,"minecraft:iron_axe":3,"minecraft:chainmail_leggings":2,"minecraft:paper":31,"irons_spellbooks:frozen_bone":3,"minecraft:shield":2,"minecraft:golden_sword":1,"mmorpg:jewelry/ring/iron":1,"minecraft:bow":1,"minecraft:wooden_pickaxe":1},"minecraft:custom":{"minecraft:blood":0,"minecraft:dexterity":9,"minecraft:interact_with_crafting_table":59,"minecraft:leave_game":3,"minecraft:time_since_death":82780,"minecraft:sprint_one_cm":536676,"minecraft:damage_blocked_by_shield":12,"minecraft:drop":100,"minecraft:health":205,"minecraft:play_time":269558,"minecraft:deaths":2,"minecraft:jump":3344,"minecraft:energy":180,"minecraft:walk_on_water_one_cm":15643,"minecraft:interact_with_furnace":30,"minecraft:intelligence":6,"minecraft:interact_with_cartography_table":1,"minecraft:sleep_in_bed":4,"minecraft:levels_gained":5,"minecraft:damage_dealt":9321,"minecraft:crouch_one_cm":23014,"minecraft:interact_with_smithing_table":2,"minecraft:mob_kills":61,"minecraft:damage_dealt_resisted":226,"minecraft:climb_one_cm":6386,"minecraft:mana":150,"minecraft:magic_shield":0,"minecraft:walk_one_cm":911844,"minecraft:sneak_time":8810,"minecraft:walk_under_water_one_cm":3595,"minecraft:total_world_time":269558,"minecraft:move_speed":0,"minecraft:time_since_rest":66412,"minecraft:damage_taken":5123,"minecraft:damage_absorbed":960,"minecraft:swim_one_cm":14271,"minecraft:fly_one_cm":295152,"minecraft:open_chest":150,"minecraft:strength":15,"minecraft:fall_one_cm":41734},"minecraft:picked_up":{"minecraft:iron_chestplate":3,"minecraft:wheat":8,"mmorpg:gems/sapphire/0":2,"minecraft:smithing_table":1,"iceandfire:dragonegg_white":1,"minecraft:enchanted_book":31,"minecraft:string":1,"minecraft:iron_leggings":8,"minecraft:experience_bottle":1,"irons_spellbooks:arcane_essence":2,"mmorpg:map":5,"minecraft:spruce_planks":7,"gnumus:packaged_goods":2,"minecraft:coal_block":6,"minecraft:furnace":14,"mmorpg:currency/socket_adder":1,"minecraft:iron_boots":3,"minecraft:golden_helmet":2,"minecraft:tipped_arrow":17,"minecraft:stick":193,"minecraft:spruce_stairs":2,"minecraft:snow_block":448,"minecraft:porkchop":12,"minecraft:cherry_log":75,"another_furniture:spruce_chair":2,"minecraft:command_block":2,"minecraft:rotten_flesh":32,"farmersdelight:onion":30,"another_furniture:cherry_shelf":8,"gnumus:gnumus_chickpeas":3,"farmersdelight:rope":28,"minecraft:snowball":2789,"minecraft:cobblestone":122,"minecraft:enchanting_table":1,"iceandfire:sapphire_gem":3,"gnumus:gnumus_doubloons":9,"minecraft:lilac":1,"minecraft:cherry_planks":290,"minecraft:iron_door":4,"minecraft:cherry_leaves":271,"gnumus:overripe_carrot":24,"minecraft:potato":55,"mmorpg:chest/common_gear":1,"minecraft:flint":30,"minecraft:cherry_fence":1,"minecraft:lapis_lazuli":14,"minecraft:cherry_door":2,"minecraft:dirt":28,"minecraft:lantern":1,"minecraft:name_tag":3,"minecraft:bone":52,"minecraft:glass":12,"minecraft:bow":4,"minecraft:wheat_seeds":24,"minecraft:diamond_helmet":4,"minecraft:oak_planks":17,"mmorpg:skill_gems/support/str":1,"irons_spellbooks:frozen_bone":14,"minecraft:jungle_planks":1,"minecraft:sand":55,"minecraft:stripped_spruce_log":2,"minecraft:mossy_cobblestone":1,"minecraft:bundle":1,"gnumus:gnumus_clay":10,"minecraft:crossbow":1,"minecraft:golden_apple":1,"minecraft:bread":17,"minecraft:golden_horse_armor":2,"minecraft:emerald":78,"minecraft:cherry_slab":22,"minecraft:netherrack":16,"iceandfire:raw_silver":1,"minecraft:crafting_table":7,"minecraft:chicken":10,"mmorpg:jewelry/ring/iron":9,"minecraft:cooked_rabbit":4,"minecraft:shield":5,"iceandfire:dragonegg_silver":1,"minecraft:red_bed":4,"minecraft:iron_axe":4,"minecraft:cracked_stone_bricks":1,"another_furniture:spruce_shelf":13,"minecraft:beef":1,"minecraft:poppy":1,"minecraft:chest":6,"mmorpg:offhand/tome/iron":2,"minecraft:spruce_trapdoor":2,"minecraft:egg":1,"mmorpg:skill_gems/support/dex":2,"minecraft:raw_iron":3,"iceandfire:dragonbone":64,"minecraft:cherry_stairs":6,"minecraft:fire_charge":1,"mmorpg:skill_gems/support/int":4,"minecraft:carrot":7,"minecraft:iron_horse_armor":1,"iceandfire:silver_ingot":10,"minecraft:arrow":66,"minecraft:stone_shovel":2,"minecraft:hay_block":8,"mowziesmobs:ice_crystal":2,"minecraft:saddle":1,"minecraft:gold_ingot":12,"gnumus:mouse_skin":5,"minecraft:leather":4,"minecraft:oak_log":37,"another_furniture:cherry_chair":3,"minecraft:paper":20,"another_furniture:cherry_table":26,"minecraft:apple":5,"minecraft:stone_bricks":2,"minecraft:iron_ingot":18,"minecraft:stone_pickaxe":2,"minecraft:iron_sword":5,"minecraft:book":36,"minecraft:dripstone_block":3,"minecraft:gravel":88,"another_furniture:spruce_drawer":1,"mmorpg:stat_soul":1,"minecraft:blast_furnace":2,"mmorpg:weapon/staff/wood":2,"minecraft:white_bed":6,"minecraft:spruce_log":158,"minecraft:spruce_door":4,"minecraft:stone_axe":1,"minecraft:chainmail_leggings":2,"minecraft:iron_helmet":6,"minecraft:cherry_sapling":47,"minecraft:coal":174,"mmorpg:offhand/dodge/iron":2,"minecraft:ender_pearl":2,"minecraft:sunflower":1},"minecraft:killed_by":{"minecraft:enderman":1},"minecraft:mined":{"minecraft:dark_oak_planks":2,"minecraft:spruce_planks":3,"minecraft:white_bed":4,"minecraft:cherry_log":77,"minecraft:spruce_trapdoor":2,"minecraft:grass_block":6,"minecraft:coal_block":6,"another_furniture:spruce_drawer":1,"minecraft:enchanting_table":1,"minecraft:red_bed":4,"minecraft:blast_furnace":2,"another_furniture:spruce_chair":2,"minecraft:chest":6,"minecraft:cherry_slab":14,"minecraft:cherry_fence":1,"another_furniture:cherry_table":26,"minecraft:wheat":2,"minecraft:cherry_door":1,"minecraft:grass":6,"minecraft:oak_log":23,"minecraft:sand":56,"minecraft:dirt":9,"another_furniture:spruce_shelf":13,"minecraft:oak_leaves":10,"iceandfire:silver_ore":1,"minecraft:jungle_planks":1,"minecraft:hay_block":8,"another_furniture:cherry_chair":3,"gnumus:scion_weed":1,"minecraft:furnace":6,"minecraft:snow":3,"minecraft:stripped_spruce_log":2,"minecraft:bookshelf":4,"minecraft:stone":38,"minecraft:cherry_stairs":6,"minecraft:smithing_table":1,"minecraft:glass_pane":6,"minecraft:cherry_planks":218,"minecraft:spruce_door":1,"minecraft:crafting_table":5,"minecraft:tall_grass":2,"another_furniture:cherry_shelf":5,"minecraft:spruce_log":74,"minecraft:cherry_leaves":438,"minecraft:sunflower":1,"minecraft:gravel":103,"minecraft:cobweb":2,"minecraft:cracked_stone_bricks":1,"minecraft:stone_bricks":2,"minecraft:fern":1},"minecraft:used":{"minecraft:iron_shovel":59,"minecraft:poppy":1,"minecraft:chest":12,"minecraft:shield":1,"minecraft:iron_sword":396,"minecraft:iron_chestplate":1,"another_furniture:cherry_chair":9,"minecraft:snowball":11,"minecraft:stripped_spruce_log":1,"minecraft:lantern":9,"minecraft:cherry_leaves":165,"minecraft:furnace":7,"minecraft:egg":1,"minecraft:spruce_door":1,"minecraft:stone_pickaxe":59,"minecraft:wooden_pickaxe":9,"minecraft:shears":238,"minecraft:bread":19,"minecraft:gravel":1,"minecraft:lilac":1,"minecraft:smithing_table":1,"minecraft:cooked_rabbit":3,"minecraft:smooth_stone_slab":2,"minecraft:experience_bottle":1,"minecraft:enchanting_table":1,"minecraft:stone_shovel":108,"minecraft:spruce_planks":7,"minecraft:dirt":9,"another_furniture:cherry_table":35,"minecraft:bookshelf":12,"another_furniture:spruce_shelf":26,"minecraft:iron_axe":421,"minecraft:cherry_slab":26,"another_furniture:cherry_shelf":14,"minecraft:cherry_fence":13,"minecraft:iron_leggings":2,"minecraft:snow_block":187,"minecraft:bundle":1,"minecraft:cartography_table":1,"minecraft:cherry_planks":404,"minecraft:crafting_table":5,"minecraft:red_bed":4,"minecraft:white_bed":2,"minecraft:spruce_log":138,"minecraft:oak_log":1,"minecraft:cherry_door":3,"minecraft:iron_pickaxe":2,"minecraft:spruce_trapdoor":3,"another_furniture:spruce_drawer":1,"minecraft:stone_axe":121,"mmorpg:weapon/staff/wood":1,"minecraft:cobblestone":6,"minecraft:cherry_stairs":22,"minecraft:glass_pane":108,"minecraft:smooth_stone":1}},"DataVersion":3465}