{"stats":{"minecraft:broken":{"minecraft:wooden_axe":1,"minecraft:stone_shovel":1,"minecraft:chainmail_leggings":1},"minecraft:killed":{"minecraft:cave_spider":6,"irons_spellbooks:pyromancer":1,"minecraft:spider":4,"minecraft:skeleton":2,"minecraft:chicken":11,"gnumus:pitcher_mousse":26,"irons_spellbooks:summoned_skeleton":2,"minecraft:pig":3,"irons_spellbooks:dead_king":1,"minecraft:zombie_villager":2,"minecraft:salmon":1,"irons_spellbooks:necromancer":1,"gnumus:marsupial_mousse":7,"minecraft:sheep":10,"minecraft:pillager":1,"minecraft:zombie":18,"minecraft:stray":22,"minecraft:cow":9,"irons_spellbooks:summoned_zombie":3,"minecraft:endermite":2,"creeperoverhaul:snowy_creeper":1,"gnumus:gnumus_worker":1,"iceandfire:dread_thrall":4,"gnumus:gnumus_hunter":7,"gnumus:gnumus_hunter_not_dispawn":2,"minecraft:bat":1,"gnumus:gnumus_merchant":2,"iceandfire:ghost":1},"minecraft:crafted":{"minecraft:oak_planks":56,"minecraft:cooked_chicken":11,"another_furniture:spruce_shelf":9,"minecraft:cooked_mutton":16,"another_furniture:spruce_drawer":1,"minecraft:chest":2,"minecraft:cooked_porkchop":10,"minecraft:crafting_table":5,"minecraft:spruce_planks":20,"minecraft:wooden_pickaxe":2,"minecraft:iron_helmet":1,"another_furniture:cherry_chair":3,"another_furniture:cherry_table":3,"iceandfire:earplugs":1,"minecraft:spruce_trapdoor":2,"minecraft:iron_chestplate":1,"minecraft:stick":24,"minecraft:cherry_planks":184,"minecraft:stone_shovel":1,"minecraft:furnace":3,"minecraft:flint_and_steel":1,"another_furniture:spruce_chair":3,"minecraft:spruce_slab":6,"minecraft:cobblestone_wall":6,"minecraft:stone_pickaxe":1,"minecraft:spruce_boat":1,"another_furniture:cherry_shelf":3,"minecraft:cooked_beef":13,"minecraft:diamond_sword":1,"minecraft:enchanting_table":1,"minecraft:stone_axe":1,"minecraft:wooden_axe":1,"minecraft:iron_leggings":1,"minecraft:white_bed":1},"minecraft:dropped":{"minecraft:iron_sword":2,"irons_spellbooks:cultist_helmet":2,"minecraft:crafting_table":1,"minecraft:leather":6,"gnumus:mouse_skin":2,"minecraft:cod":1,"minecraft:item_frame":5,"minecraft:dirt":4,"minecraft:red_bed":1,"minecraft:cornflower":1,"iceandfire:armor_silver_metal_leggings":1,"minecraft:snowball":380,"irons_spellbooks:arcane_essence":1,"minecraft:white_wool":2,"iceandfire:dread_shard":1,"minecraft:bone":11,"minecraft:wheat":1,"minecraft:cherry_sapling":3,"minecraft:rotten_flesh":9,"minecraft:oak_planks":8,"minecraft:diamond_shovel":1,"tmg:bygone_miner_spawn_egg":1,"minecraft:salmon":2,"mmorpg:weapon/staff/iron":1,"tmg:the_imp_spawn_egg":1,"minecraft:ladder":1,"minecraft:painting":1,"minecraft:white_dye":2,"minecraft:arrow":1,"minecraft:scaffolding":5,"minecraft:wheat_seeds":22,"minecraft:golden_helmet":1,"minecraft:cherry_log":3,"mmorpg:skill_gems/support/dex":1,"minecraft:iron_helmet":2,"minecraft:polished_andesite":4,"mmorpg:weapon/staff/wood":3,"minecraft:stick":3,"tmg:the_elder_spawn_egg":1,"minecraft:gray_wool":1,"farmersdelight:golden_knife":1,"tmg:the_wall_spawn_egg":1,"minecraft:rose_bush":8,"minecraft:cherry_planks":3,"iceandfire:armor_silver_metal_chestplate":2,"minecraft:chainmail_leggings":6,"minecraft:string":3,"irons_spellbooks:frozen_bone":25,"minecraft:dandelion":2,"iceandfire:earplugs":1,"minecraft:stone_sword":1,"mmorpg:material/mining/0":1,"minecraft:spruce_fence":1,"mmorpg:jewelry/necklace/iron":2,"mmorpg:gems/ruby/0":1,"minecraft:peony":23,"minecraft:spruce_planks":1,"minecraft:iron_chestplate":3,"minecraft:andesite":1,"minecraft:golden_leggings":1,"minecraft:oak_sapling":1,"minecraft:stone_bricks":2,"minecraft:spider_eye":5,"minecraft:spruce_log":46,"minecraft:bow":2,"minecraft:stone_pickaxe":1,"minecraft:wooden_pickaxe":1,"minecraft:cooked_rabbit":6},"minecraft:custom":{"minecraft:blood":0,"minecraft:dexterity":26,"minecraft:interact_with_crafting_table":64,"minecraft:open_barrel":18,"minecraft:eat_cake_slice":2,"minecraft:leave_game":4,"minecraft:time_since_death":65453,"minecraft:sprint_one_cm":825790,"minecraft:damage_blocked_by_shield":9,"minecraft:drop":163,"minecraft:health":393,"minecraft:play_time":300039,"minecraft:deaths":5,"minecraft:jump":4068,"minecraft:interact_with_brewingstand":1,"minecraft:energy":450,"minecraft:walk_on_water_one_cm":12259,"minecraft:interact_with_furnace":54,"minecraft:intelligence":35,"minecraft:sleep_in_bed":3,"minecraft:levels_gained":15,"minecraft:damage_dealt":15373,"minecraft:crouch_one_cm":1265,"minecraft:mob_kills":154,"minecraft:damage_dealt_resisted":186,"minecraft:climb_one_cm":12554,"minecraft:mana":556,"minecraft:magic_shield":0,"minecraft:walk_one_cm":832187,"minecraft:sneak_time":1006,"minecraft:walk_under_water_one_cm":8571,"minecraft:boat_one_cm":22860,"minecraft:total_world_time":300039,"minecraft:move_speed":0,"minecraft:time_since_rest":43661,"minecraft:damage_taken":7371,"minecraft:damage_absorbed":1999,"minecraft:trigger_trapped_chest":1,"minecraft:swim_one_cm":58438,"minecraft:fly_one_cm":1100187,"minecraft:open_chest":167,"minecraft:strength":35,"minecraft:fall_one_cm":94691},"minecraft:picked_up":{"irons_spellbooks:scroll":2,"minecraft:iron_chestplate":5,"minecraft:wheat":2,"gnumus:gnumus_claw":13,"minecraft:diamond_sword":3,"mmorpg:gems/sapphire/1":1,"minecraft:amethyst_block":4,"iceandfire:armor_silver_metal_chestplate":1,"minecraft:string":16,"minecraft:iron_leggings":2,"minecraft:experience_bottle":2,"irons_spellbooks:arcane_essence":18,"minecraft:bucket":1,"minecraft:spruce_planks":55,"gnumus:packaged_goods":3,"minecraft:rose_bush":8,"minecraft:melon_slice":1,"farmersdelight:cabbage_seeds":2,"minecraft:furnace":2,"minecraft:tipped_arrow":11,"minecraft:stick":13,"minecraft:porkchop":4,"mmorpg:jewelry/necklace/iron":6,"minecraft:cherry_log":57,"irons_spellbooks:fire_rune":1,"minecraft:stone_sword":1,"gnumus:vintage_metal":1,"minecraft:lime_carpet":2,"minecraft:rotten_flesh":13,"farmersdelight:onion":7,"gnumus:gnumus_chickpeas":6,"minecraft:obsidian":6,"minecraft:cod":3,"minecraft:snowball":373,"minecraft:cobblestone":70,"gnumus:gnumus_doubloons":14,"minecraft:feather":14,"minecraft:cooked_beef":1,"minecraft:cherry_planks":125,"minecraft:andesite":1,"gnumus:overripe_carrot":12,"minecraft:golden_leggings":1,"minecraft:potato":18,"minecraft:lapis_lazuli":1,"minecraft:dirt":8,"gnumus:gnumus_pouch_2":3,"minecraft:bone":55,"minecraft:bow":3,"minecraft:wheat_seeds":32,"minecraft:raw_gold":1,"minecraft:mossy_stone_bricks":2,"minecraft:rabbit":3,"minecraft:diamond_helmet":1,"minecraft:oak_planks":1,"mmorpg:skill_gems/support/str":1,"minecraft:cooked_porkchop":3,"irons_spellbooks:frozen_bone":27,"iceandfire:podium_spruce":1,"minecraft:stripped_spruce_log":1,"irons_spellbooks:ice_rune":3,"minecraft:polished_andesite":4,"minecraft:diamond":18,"gnumus:gnumus_clay":10,"mmorpg:gems/ruby/0":1,"minecraft:crossbow":1,"minecraft:emerald":3,"minecraft:bread":47,"minecraft:chainmail_helmet":3,"minecraft:oak_sapling":2,"morevillagers:blueprint_table":1,"irons_spellbooks:uncommon_ink":3,"minecraft:charcoal":8,"minecraft:coarse_dirt":1,"minecraft:crafting_table":1,"minecraft:chicken":22,"minecraft:ladder":1,"mmorpg:jewelry/ring/iron":1,"minecraft:cooked_rabbit":10,"morevillagers:woodworking_table":1,"minecraft:shield":3,"minecraft:cornflower":1,"minecraft:red_bed":2,"minecraft:moss_carpet":1,"minecraft:item_frame":5,"iceandfire:bestiary":1,"morevillagers:gardening_table":1,"farmersdelight:beef_patty":3,"another_furniture:spruce_shelf":6,"minecraft:beef":17,"iceandfire:dread_shard":3,"irons_spellbooks:epic_ink":4,"minecraft:light_gray_wool":1,"mmorpg:material/mining/0":1,"minecraft:raw_iron":2,"iceandfire:dragonbone":71,"gnumus:juicy_meat":2,"minecraft:spruce_fence":1,"minecraft:white_dye":2,"farmersdelight:tomato_seeds":4,"minecraft:redstone":2,"minecraft:blue_carpet":2,"iceandfire:dragon_skull_ice":3,"gnumus:pileof_gnumus_doubloons":2,"minecraft:arrow":30,"minecraft:diamond_chestplate":1,"minecraft:pumpkin_pie":1,"minecraft:peony":23,"mmorpg:currency/affix_common_reroll":2,"minecraft:gold_ingot":4,"gnumus:mouse_skin":26,"minecraft:glow_berries":3,"minecraft:mutton":16,"minecraft:white_wool":10,"minecraft:salmon":2,"minecraft:leather":6,"gnumus:gnumus_pouch":3,"minecraft:oak_log":14,"minecraft:cobblestone_wall":1,"minecraft:paper":2,"minecraft:apple":2,"minecraft:stone_bricks":3,"minecraft:rabbit_hide":1,"minecraft:iron_ingot":7,"minecraft:stone_pickaxe":3,"minecraft:iron_sword":6,"minecraft:scaffolding":5,"minecraft:sweet_berries":2,"minecraft:pumpkin":6,"minecraft:dandelion":2,"minecraft:dripstone_block":3,"minecraft:lava_bucket":1,"mmorpg:stat_soul":2,"minecraft:amethyst_shard":8,"gnumus:gnumus_cheese":1,"minecraft:white_bed":2,"mmorpg:weapon/staff/wood":4,"minecraft:spruce_log":50,"mmorpg:weapon/staff/iron":2,"minecraft:green_carpet":1,"minecraft:spider_eye":6,"minecraft:diamond_shovel":1,"minecraft:stone_axe":2,"minecraft:chainmail_leggings":8,"minecraft:iron_helmet":2,"minecraft:painting":1,"minecraft:cherry_sapling":4,"minecraft:gray_wool":3,"mmorpg:offhand/dodge/iron":1,"minecraft:coal":23,"irons_spellbooks:cultist_helmet":1},"minecraft:killed_by":{"iceandfire:ice_dragon":1,"minecraft:player":1,"iceandfire:dread_knight":1},"minecraft:mined":{"minecraft:blue_carpet":1,"minecraft:spruce_planks":1,"minecraft:white_bed":2,"minecraft:cherry_log":62,"minecraft:grass_block":3,"minecraft:iron_ore":2,"minecraft:moss_carpet":1,"minecraft:pumpkin":6,"minecraft:dirt_path":1,"minecraft:small_amethyst_bud":1,"morevillagers:blueprint_table":1,"minecraft:red_bed":2,"minecraft:medium_amethyst_bud":1,"minecraft:amethyst_cluster":1,"minecraft:powder_snow":1,"minecraft:dead_bush":1,"farmersdelight:cabbages":2,"minecraft:cobblestone":5,"minecraft:amethyst_block":1,"minecraft:grass":83,"minecraft:oak_log":13,"minecraft:dirt":8,"another_furniture:spruce_shelf":6,"minecraft:oak_leaves":5,"farmersdelight:onions":5,"minecraft:spruce_fence":1,"morevillagers:gardening_table":1,"minecraft:white_stained_glass":7,"farmersdelight:tomatoes":4,"minecraft:spruce_leaves":3,"minecraft:moss_block":1,"morevillagers:woodworking_table":1,"minecraft:large_fern":1,"minecraft:furnace":2,"minecraft:snow":58,"minecraft:peony":28,"minecraft:potatoes":7,"minecraft:vine":1,"minecraft:packed_ice":11,"gnumus:fragile_gnumus_jug":2,"minecraft:stone":48,"iceandfire:podium_spruce":1,"minecraft:cake":1,"minecraft:white_wool":3,"minecraft:cherry_planks":8,"minecraft:snow_block":820,"minecraft:dandelion":1,"minecraft:crafting_table":1,"minecraft:cornflower":1,"minecraft:rose_bush":8,"minecraft:lime_carpet":1,"minecraft:tall_grass":39,"minecraft:gray_wool":1,"minecraft:coarse_dirt":1,"minecraft:cobblestone_wall":1,"minecraft:ice":1,"minecraft:spruce_log":12,"minecraft:coal_ore":13,"minecraft:cherry_leaves":7,"minecraft:gravel":1,"minecraft:stone_bricks":1,"minecraft:fern":7},"minecraft:used":{"minecraft:cherry_sapling":1,"morevillagers:woodworking_table":1,"theabyss:jungle_lurker_spawn_egg":1,"minecraft:chest":2,"minecraft:shield":3,"minecraft:iron_sword":506,"minecraft:iron_chestplate":1,"theabyss:ice_skeleton_spawn_egg":1,"another_furniture:cherry_chair":3,"minecraft:snowball":4,"minecraft:spruce_boat":1,"irons_spellbooks:cryomancer_spawn_egg":1,"tmg:the_imp_spawn_egg":1,"minecraft:lava_bucket":2,"minecraft:iron_helmet":2,"minecraft:stone_bricks":1,"iceandfire:earplugs":1,"minecraft:bow":5,"minecraft:furnace":3,"tmg:bygone_miner_spawn_egg":1,"another_furniture:spruce_chair":2,"irons_spellbooks:priest_spawn_egg":1,"irons_spellbooks:archevoker_spawn_egg":1,"minecraft:stone_pickaxe":36,"minecraft:oak_planks":10,"minecraft:wooden_pickaxe":23,"minecraft:chainmail_helmet":1,"theabyss:hummingbird_spawn_egg":2,"irons_spellbooks:keeper_spawn_egg":3,"minecraft:white_wool":5,"iceandfire:podium_spruce":1,"morevillagers:gardening_table":1,"minecraft:bread":6,"irons_spellbooks:apothecarist_spawn_egg":1,"minecraft:diamond_sword":110,"minecraft:cooked_rabbit":4,"minecraft:golden_pickaxe":40,"minecraft:experience_bottle":2,"minecraft:enchanting_table":1,"minecraft:stone_sword":2,"minecraft:stone_shovel":131,"morevillagers:blueprint_table":1,"tmg:the_twins_spawn_egg":1,"theabyss:infected_zombie_spawn_egg":1,"minecraft:dirt":1,"minecraft:cobblestone_wall":1,"another_furniture:cherry_table":3,"minecraft:wooden_axe":59,"another_furniture:spruce_shelf":13,"minecraft:iron_boots":1,"theabyss:the_roka_spawn_egg":1,"minecraft:diamond_chestplate":1,"minecraft:light_gray_wool":1,"tmg:the_elder_spawn_egg":1,"minecraft:beef":1,"theabyss:jelly_fish_spawn_egg":1,"another_furniture:cherry_shelf":3,"minecraft:cooked_beef":1,"minecraft:cherry_log":8,"minecraft:iron_leggings":2,"theabyss:ice_knight_spawn_egg":1,"minecraft:cooked_mutton":6,"minecraft:cherry_planks":266,"irons_spellbooks:pyromancer_spawn_egg":1,"creeperoverhaul:ocean_creeper_spawn_egg":1,"theabyss:crystal_golem_spawn_egg":1,"minecraft:crafting_table":4,"minecraft:red_bed":1,"minecraft:white_bed":2,"minecraft:painting":1,"theabyss:scorpion_spawn_egg":2,"tmg:the_wall_spawn_egg":2,"minecraft:apple":8,"theabyss:infected_dragonfly_spawn_egg":1,"minecraft:diamond_shovel":752,"mmorpg:weapon/staff/iron":28,"minecraft:spruce_trapdoor":1,"minecraft:golden_leggings":1,"another_furniture:spruce_drawer":1,"minecraft:stone_axe":36,"mmorpg:weapon/staff/wood":38,"irons_spellbooks:dead_king_corpse_spawn_egg":1,"minecraft:cobblestone":10,"minecraft:cooked_porkchop":7,"minecraft:bucket":1,"minecraft:gray_wool":2,"minecraft:chainmail_leggings":2}},"DataVersion":3465}