{"stats":{"minecraft:broken":{"minecraft:iron_axe":1},"minecraft:killed":{"minecraft:witch":1,"minecraft:vindicator":1,"minecraft:spider":6,"minecraft:endermite":3,"iceandfire:dread_beast":6,"mowziesmobs:frostmaw":1,"minecraft:skeleton":3,"iceandfire:dread_knight":1,"iceandfire:dread_thrall":5,"minecraft:chicken":3,"mowziesmobs:umvuthana_crane":3,"gnumus:gnumus_hunter":6,"minecraft:silverfish":6,"minecraft:pig":4,"iceandfire:troll":1,"minecraft:creeper":3,"minecraft:pillager":5,"minecraft:zombie":15,"minecraft:stray":33,"iceandfire:ice_dragon":1,"iceandfire:dread_ghoul":2,"minecraft:cow":8,"minecraft:enderman":1},"minecraft:crafted":{"minecraft:cherry_planks":320,"minecraft:oak_planks":88,"minecraft:command_block":1,"minecraft:diamond_shovel":1,"minecraft:stone_pickaxe":1,"minecraft:chest":2,"minecraft:diamond_axe":1,"minecraft:crafting_table":1,"minecraft:spruce_planks":56,"minecraft:wooden_pickaxe":1,"minecraft:gold_block":1,"minecraft:stone_axe":1,"minecraft:stick":16,"minecraft:iron_pickaxe":1,"minecraft:snow_block":167,"minecraft:shears":1},"minecraft:dropped":{"minecraft:iron_ingot":9,"minecraft:bread":3,"minecraft:iron_sword":2,"minecraft:stripped_spruce_log":1,"minecraft:porkchop":1,"minecraft:wheat_seeds":1,"minecraft:golden_helmet":1,"minecraft:cooked_porkchop":5,"mowziesmobs:ice_crystal":1,"minecraft:crossbow":1,"minecraft:leather":5,"minecraft:saddle":1,"minecraft:command_block":2,"mmorpg:gems/tourmaline/0":1,"irons_spellbooks:scroll":1,"farmersdelight:beef_patty":3,"minecraft:item_frame":1,"mmorpg:weapon/staff/wood":2,"mmorpg:map":3,"minecraft:dirt":8,"mmorpg:currency/affix_common_reroll":1,"gnumus:gnumus_claw":2,"minecraft:cherry_planks":248,"minecraft:snowball":384,"minecraft:diamond_helmet":2,"minecraft:iron_leggings":1,"minecraft:iron_axe":2,"minecraft:chainmail_leggings":1,"irons_spellbooks:frozen_bone":37,"iceandfire:dread_shard":12,"minecraft:bone":10,"minecraft:snow_block":7,"minecraft:stone_axe":1,"minecraft:cobbled_deepslate":4,"irons_spellbooks:uncommon_ink":1,"minecraft:raw_iron":1,"minecraft:cherry_sapling":14,"minecraft:rotten_flesh":1,"irons_spellbooks:keeper_flamberge":1,"minecraft:oak_planks":1,"minecraft:iron_boots":1,"minecraft:diamond_shovel":1,"irons_spellbooks:inscription_table":3,"minecraft:spruce_fence":1,"another_furniture:cherry_table":5,"mmorpg:weapon/staff/iron":1,"minecraft:diamond_sword":1,"gnumus:gnumus_clay":5,"minecraft:gunpowder":1,"minecraft:diamond_chestplate":1,"minecraft:spruce_planks":54,"mmorpg:offhand/tome/iron":1,"minecraft:iron_chestplate":3,"iceandfire:troll_leather_frost":3,"minecraft:spruce_log":103,"minecraft:arrow":11,"minecraft:bow":2,"minecraft:wooden_pickaxe":1,"minecraft:stone_pickaxe":1,"minecraft:cooked_rabbit":4},"minecraft:custom":{"minecraft:interact_with_smithing_table":1,"minecraft:blood":0,"minecraft:mob_kills":125,"minecraft:dexterity":26,"minecraft:interact_with_crafting_table":24,"minecraft:open_barrel":30,"minecraft:interact_with_campfire":4,"minecraft:leave_game":5,"minecraft:time_since_death":81476,"minecraft:damage_resisted":43,"minecraft:climb_one_cm":2357,"minecraft:mana":403,"minecraft:magic_shield":0,"minecraft:sprint_one_cm":618133,"minecraft:walk_one_cm":812125,"minecraft:drop":269,"minecraft:health":555,"minecraft:talked_to_villager":2,"minecraft:play_time":303093,"minecraft:sneak_time":8560,"minecraft:deaths":3,"minecraft:walk_under_water_one_cm":15133,"minecraft:jump":9699,"minecraft:interact_with_brewingstand":2,"minecraft:energy":449,"minecraft:walk_on_water_one_cm":10050,"minecraft:total_world_time":303093,"minecraft:interact_with_furnace":1,"minecraft:intelligence":19,"minecraft:move_speed":0,"minecraft:sleep_in_bed":2,"minecraft:levels_gained":15,"minecraft:time_since_rest":32166,"minecraft:damage_taken":6963,"minecraft:damage_absorbed":1054,"minecraft:trigger_trapped_chest":2,"minecraft:damage_dealt":17170,"minecraft:swim_one_cm":14139,"minecraft:player_kills":1,"minecraft:fly_one_cm":1994091,"minecraft:open_chest":175,"minecraft:crouch_one_cm":19206,"minecraft:strength":52,"minecraft:fall_one_cm":129805},"minecraft:picked_up":{"minecraft:crafting_table":3,"minecraft:iron_chestplate":3,"minecraft:chicken":5,"irons_spellbooks:affinity_ring":2,"minecraft:smithing_table":1,"gnumus:gnumus_claw":3,"minecraft:diamond_sword":3,"mmorpg:jewelry/ring/iron":3,"minecraft:enchanted_book":3,"minecraft:shield":1,"minecraft:string":1,"minecraft:red_bed":1,"minecraft:iron_axe":2,"minecraft:item_frame":3,"minecraft:iron_leggings":3,"minecraft:cracked_stone_bricks":5,"farmersdelight:beef_patty":4,"minecraft:bucket":1,"mmorpg:map":1,"minecraft:cobbled_deepslate":4,"mmorpg:gems/tourmaline/0":1,"minecraft:spruce_planks":58,"minecraft:beef":12,"iceandfire:dread_shard":17,"irons_spellbooks:epic_ink":1,"minecraft:enchanted_golden_apple":2,"mmorpg:offhand/tome/iron":2,"farmersdelight:golden_knife":1,"irons_spellbooks:inscription_table":4,"iceandfire:ice_dragon_heart":1,"minecraft:iron_boots":1,"mmorpg:skill_gems/support/dex":1,"minecraft:golden_helmet":1,"minecraft:tipped_arrow":17,"minecraft:stick":8,"minecraft:raw_iron":1,"iceandfire:dragonbone":8,"gnumus:juicy_meat":2,"minecraft:brown_terracotta":3,"minecraft:acacia_log":1,"iceandfire:dragonscales_white":15,"minecraft:spruce_stairs":2,"minecraft:spruce_fence":1,"minecraft:porkchop":8,"mmorpg:jewelry/necklace/iron":1,"minecraft:cherry_log":92,"minecraft:brown_carpet":1,"iceandfire:dragon_skull_ice":1,"minecraft:diamond_chestplate":2,"minecraft:arrow":44,"minecraft:rotten_flesh":9,"minecraft:command_block":2,"mmorpg:currency/affix_common_reroll":1,"minecraft:shears":2,"minecraft:diamond_boots":2,"mowziesmobs:ice_crystal":1,"minecraft:yellow_terracotta":2,"gnumus:mouse_skin":4,"minecraft:cod":3,"minecraft:snowball":1220,"minecraft:cobblestone":82,"minecraft:cherry_planks":90,"minecraft:iron_door":4,"minecraft:cherry_leaves":144,"minecraft:andesite":2,"minecraft:leather":12,"gnumus:gnumus_pouch":2,"minecraft:flint":15,"minecraft:oak_log":23,"iceandfire:dread_stone_bricks_cracked":1,"minecraft:gunpowder":1,"irons_spellbooks:keeper_flamberge":1,"minecraft:dirt":9,"minecraft:paper":1,"gnumus:gnumus_pouch_2":2,"another_furniture:cherry_table":5,"minecraft:bone":110,"minecraft:apple":2,"minecraft:stone_bricks":16,"minecraft:bow":6,"minecraft:wheat_seeds":7,"iceandfire:troll_leather_frost":3,"minecraft:raw_gold":22,"minecraft:iron_ingot":90,"minecraft:mossy_stone_bricks":1,"minecraft:diamond_helmet":2,"minecraft:iron_sword":3,"minecraft:oak_planks":27,"minecraft:cooked_porkchop":18,"irons_spellbooks:frozen_bone":46,"minecraft:spyglass":2,"minecraft:dripstone_block":3,"mmorpg:stat_soul":2,"irons_spellbooks:blood_staff":1,"minecraft:stripped_spruce_log":2,"irons_spellbooks:permafrost_shard":2,"irons_spellbooks:cultist_helmet":1,"mmorpg:weapon/staff/wood":5,"minecraft:white_bed":1,"minecraft:spruce_log":188,"minecraft:spruce_door":1,"minecraft:mossy_cobblestone":1,"minecraft:coal":3,"minecraft:polished_andesite":8,"minecraft:diamond_shovel":1,"minecraft:charcoal":2,"minecraft:stone_axe":2,"minecraft:diamond":1,"gnumus:gnumus_clay":10,"minecraft:chainmail_leggings":1,"minecraft:iron_helmet":2,"minecraft:crossbow":3,"minecraft:diamond_axe":2,"minecraft:cherry_sapling":32,"minecraft:bread":7,"iceandfire:ice_dragon_flesh":7,"minecraft:emerald":3,"irons_spellbooks:uncommon_ink":1,"minecraft:cherry_slab":1,"mmorpg:chest/uncommon_gear":1,"iceandfire:silver_nugget":24,"mmorpg:offhand/dodge/iron":1,"irons_spellbooks:scroll":2,"iceandfire:dread_stone_bricks":2,"minecraft:diamond_pickaxe":2,"minecraft:ender_pearl":5},"minecraft:killed_by":{"iceandfire:dread_ghoul":2,"iceandfire:ghost":1},"minecraft:mined":{"minecraft:blue_carpet":1,"minecraft:diamond_ore":1,"minecraft:spruce_planks":10,"minecraft:mossy_cobblestone":1,"minecraft:cherry_log":81,"minecraft:acacia_log":1,"minecraft:grass_block":2,"minecraft:spruce_fence":1,"iceandfire:dread_spawner":2,"minecraft:spruce_leaves":3,"minecraft:large_fern":1,"minecraft:spawner":2,"minecraft:iron_ore":1,"minecraft:snow":7,"minecraft:stripped_spruce_log":2,"minecraft:dirt_path":1,"minecraft:green_carpet":1,"gnumus:fragile_gnumus_jug":2,"irons_spellbooks:inscription_table":1,"iceandfire:dread_stone_bricks_cracked":1,"minecraft:stone":57,"minecraft:cake":1,"minecraft:acacia_leaves":1,"minecraft:cherry_planks":34,"minecraft:infested_stone_bricks":1,"minecraft:snow_block":175,"minecraft:brown_carpet":1,"minecraft:powder_snow":1,"minecraft:crafting_table":2,"minecraft:campfire":5,"minecraft:lime_carpet":1,"minecraft:tall_grass":24,"minecraft:cobblestone":5,"minecraft:deepslate_gold_ore":11,"minecraft:oak_planks":18,"minecraft:iron_door":4,"minecraft:spruce_stairs":2,"minecraft:spruce_log":146,"minecraft:fern":2,"minecraft:yellow_terracotta":2,"minecraft:grass":30,"minecraft:oak_log":28,"minecraft:cherry_leaves":185,"minecraft:dirt":8,"minecraft:infested_cracked_stone_bricks":1,"minecraft:brown_terracotta":1,"minecraft:cracked_stone_bricks":6,"minecraft:stone_bricks":20,"iceandfire:dread_stone_bricks":4,"minecraft:mossy_stone_bricks":2,"minecraft:oak_leaves":2,"minecraft:deepslate":5},"minecraft:used":{"minecraft:chest":2,"minecraft:spruce_planks":5,"minecraft:iron_sword":446,"mowziesmobs:umvuthana_raptor_spawn_egg":1,"mowziesmobs:umvuthana_crane_spawn_egg":1,"tmg:the_twins_spawn_egg":1,"minecraft:dirt":1,"minecraft:spyglass":3,"mowziesmobs:wroughtnaut_spawn_egg":1,"theabyss:infected_creeper_spawn_egg":1,"mowziesmobs:lantern_spawn_egg":1,"minecraft:snowball":16,"minecraft:stripped_spruce_log":1,"minecraft:iron_axe":249,"minecraft:cherry_slab":147,"minecraft:cherry_leaves":202,"minecraft:stone_bricks":3,"minecraft:snow":1,"minecraft:bow":7,"minecraft:beef":1,"minecraft:cherry_fence":3,"minecraft:cherry_log":12,"minecraft:enchanted_golden_apple":1,"mowziesmobs:umvuthana_spawn_egg":1,"minecraft:snow_block":198,"minecraft:stone_pickaxe":11,"minecraft:oak_planks":87,"minecraft:ender_pearl":4,"minecraft:wooden_pickaxe":6,"minecraft:cherry_planks":395,"minecraft:diamond_axe":97,"mowziesmobs:naga_spawn_egg":1,"minecraft:golden_apple":1,"minecraft:red_bed":1,"minecraft:crafting_table":2,"mowziesmobs:grottol_spawn_egg":1,"minecraft:spruce_log":248,"minecraft:shears":125,"minecraft:oak_log":10,"tmg:the_wall_spawn_egg":1,"theabyss:infected_spider_spawn_egg":1,"minecraft:diamond_pickaxe":27,"minecraft:diamond_shovel":183,"minecraft:bread":10,"minecraft:iron_pickaxe":90,"mowziesmobs:umvuthi_spawn_egg":2,"iceandfire:ice_dragon_flesh":1,"tmg:the_shunned_spawn_egg":1,"theabyss:summoned_seeker_spawn_egg":3,"irons_spellbooks:keeper_flamberge":2,"minecraft:stone_axe":40,"mmorpg:weapon/staff/wood":2,"minecraft:diamond_sword":187,"minecraft:cobblestone":32,"minecraft:cherry_stairs":6,"iceandfire:dread_stone_bricks_cracked":8,"minecraft:cooked_porkchop":7,"minecraft:smithing_table":1,"minecraft:cooked_rabbit":6,"minecraft:pumpkin_pie":7}},"DataVersion":3465}